"0";"Geen rating";
"1";"Reeten";"reeten.png"
"2";"Fucks";"fuck.png"
"3";"Ei";"ei.png"
"4";"Skuierklontjes";
"5";"Messie";
"6";"Maande";"mark rutten"
"7";"Knuppelachtige voorwerpen";
"8";"Vinnen";"Vinnen"
"9";"Verblijfsvergunning";
"10";"Inteeld popen";"Maxiem hardman"
"11";"Hereveense harten";
"12";"Ribben";
"13";"Doctor Who";
"14";"Bierdopjes";
"15";"Shotjes ";
"16";"Paarde reet";
"17";"747";
"18";"leguaan";
"19";"hak messen";
"20";"Pits poetsen";
"21";"Krinkspier";
"22";"natalie portman";
"23";"zwart wit";
"24";"Lul";"Renee"
"25";"PILFSS";
"26";"HamBurger";
"27";"Dikken reten";
"28";"bumpers";
"29";"Video reeten";
"30";"reet hand stand";
"31";"Donkeren reeten";
"32";"goude reeten";
"33";"chocoladen";
"34";"Ren√© Reeten";
"35";"Matige biceps";
"36";"kerst reeten";
"37";"hoorn";"telefoon"
"38";"Piemels";"Peter R de Vries"
"39";"rode wijn";
"40";"Fles wijn in een reet";
"41";"Dikken Jutta reten";
"42";"boobies";
"43";"Haakneus";
"44";"hakenkruis";
"45";"punt";
"46";"ruime voldoende";"6.9"
"47";"Pocket pussy";